aX,aY,aZ,gX,gY,gZ
0.033,0.105,0.98,1.282,-2.014,0.244
0.046,0.114,0.963,2.686,-3.357,0.671
0.054,0.115,0.962,5.249,-7.202,1.099
0.089,0.119,0.979,6.165,-9.644,2.38
0.115,0.13,0.993,8.484,-9.888,4.456
0.169,0.163,1.031,10.01,-6.531,4.211
0.198,0.181,1.045,8.789,0.122,5.066
0.297,0.256,1.048,5.31,2.258,6.531
0.365,0.306,1.044,1.343,5.249,6.531
0.54,0.343,1.032,-6.653,18.616,0.122
0.652,0.337,1.002,-11.719,27.832,-0.793
0.766,0.35,0.947,-21.24,44.556,10.681
1.003,0.48,0.807,-23.071,49.5,15.32
1.181,0.55,0.737,-22.339,53.04,4.883
1.715,0.509,0.56,-21.912,53.894,-5.981
2.015,0.361,0.501,-10.498,49.438,-12.085
2.462,-0.047,0.581,8.423,54.138,0.61
2.528,-0.249,0.67,59.387,100.891,38.696
2.41,-0.678,0.651,77.942,123.84,52.673
2.271,-0.907,0.545,93.445,97.534,70.618
1.814,-1.373,0.532,103.394,49.805,78.125
1.463,-1.616,0.719,146.545,-37.048,112.366
0.59,-1.96,1.371,170.349,-52.917,151.428
0.162,-2.021,1.685,167.236,-22.583,253.906
-0.599,-1.919,1.959,132.263,4.578,295.105
-0.965,-1.71,1.933,52.307,43.03,331.482
-1.583,-1.254,1.751,31.555,53.284,322.571
-1.722,-1.107,1.664,41.565,61.462,263.428
-1.728,-0.923,1.531,54.993,62.805,233.032
-1.676,-0.873,1.465,59.021,58.533,206.177
-0.355,-1.063,1.839,120.422,-16.541,226.501
-0.628,-0.878,1.775,69.214,64.087,267.944
-0.86,-0.748,1.29,50.415,84.106,247.009
-0.858,-0.779,1.081,40.1,49.072,192.749
-0.923,-0.809,1.017,50.842,22.827,177.979
-0.953,-0.782,1.03,75.5,14.221,158.386
-0.842,-0.731,0.89,77.087,15.564,147.705
-0.744,-0.729,0.847,73.364,-6.653,134.338
-0.656,-0.731,0.952,75.073,-15.869,133.057
-0.673,-0.724,1.023,69.702,-22.827,131.897
-0.707,-0.698,1.133,51.819,-39.612,128.235
-0.708,-0.667,1.189,22.522,-66.772,123.108
-0.687,-0.53,1.207,-28.809,-86.365,115.845
-0.671,-0.423,1.146,-34.668,-65.125,113.403
-0.657,-0.305,1.071,-26.917,-24.414,101.318
-0.635,-0.103,0.989,-25.391,-21.057,90.82
-0.616,-0.038,0.984,-28.992,-23.499,67.322
-0.544,0.03,0.953,-29.175,-20.02,57.556
-0.494,0.057,0.931,-15.93,-7.263,39.917
-0.396,0.085,0.917,-5.615,-3.601,31.006
-0.335,0.079,0.933,8.667,-2.625,18.311
-0.214,0.047,0.973,13.611,-1.16,14.954
-0.159,0.035,0.977,16.174,0.488,12.085
-0.115,0.023,0.98,8.24,-7.812,6.47
-0.057,-0.005,0.999,3.601,-12.451,2.441
-0.022,-0.027,1.006,8.057,-6.775,-6.47
0.069,-0.09,1.024,13.794,-0.977,-10.498
0.117,-0.128,1.035,18.066,2.563,-14.465
0.173,-0.184,1.076,15.625,1.16,-13
0.184,-0.191,1.09,11.658,1.221,-9.705
1.633,-0.417,0.624,11.78,144.47,115.845
1.537,-0.486,0.61,25.208,139.465,129.272
1.218,-0.606,0.665,65.674,100.586,166.016
0.968,-0.681,0.745,85.754,74.829,185.12
0.67,-0.785,0.885,118.53,28.32,210.266
0.048,-0.947,1.405,131.653,10.925,220.276
-0.238,-0.924,1.68,126.831,7.08,237.305
-0.637,-0.734,1.861,108.215,25.757,237.793
-0.727,-0.671,1.738,74.707,72.266,210.51
-0.784,-0.687,1.382,68.176,79.468,190.002
-0.787,-0.744,1.312,82.275,59.265,149.414
-0.744,-0.846,1.366,97.473,48.279,127.808
-0.692,-0.855,1.349,107.544,37.292,93.445
-0.512,-0.839,1.211,98.816,28.503,86.426
-0.425,-0.851,1.177,71.167,3.296,96.68
-0.386,-0.788,1.143,58.716,-8.24,110.474
-0.42,-0.689,1.12,32.349,-37.659,133.972
-0.536,-0.45,1.085,16.235,-51.941,133.484
-0.568,-0.363,1.067,-9.033,-61.279,118.774
-0.599,-0.251,1.078,-10.254,-57.983,111.084
-0.605,-0.207,1.11,2.197,-37.903,93.75
-0.54,-0.128,1.119,8.728,-24.658,81.726
-0.474,-0.1,1.088,11.597,-14.771,68.054
-0.354,-0.087,1.03,5.371,-12.939,43.274
-0.321,-0.092,1.022,2.075,-15.32,34.973
-0.267,-0.097,1.03,4.639,-12.207,25.33
-0.23,-0.086,1.033,6.348,-9.46,22.583
-0.158,-0.05,1.022,4.272,-7.019,20.935
-0.138,-0.028,1.021,4.272,-5.981,20.752
-0.13,-0.002,1.029,5.554,-3.967,17.09
1.447,-0.209,0.789,12.512,100.83,90.637
1.406,-0.275,0.779,29.907,78.308,111.755
1.207,-0.4,0.822,41.443,63.354,117.981
1.081,-0.465,0.876,66.589,25.024,123.901
0.765,-0.625,1.034,79.163,6.592,127.075
0.566,-0.715,1.122,100.464,-11.78,140.381
0.139,-0.902,1.318,108.215,-16.907,148.56
-0.061,-0.965,1.454,114.99,-32.837,159.668
-0.433,-0.875,1.679,106.873,-30.884,165.405
-0.607,-0.785,1.674,70.068,12.573,177.673
-0.89,-0.675,1.431,53.833,40.344,178.467
-0.956,-0.641,1.279,44.8,67.261,159.851
-0.954,-0.552,1.047,45.837,60.791,143.066
-0.912,-0.532,0.96,44.006,23.682,109.497
-0.771,-0.562,0.877,45.532,5.554,96.741
-0.665,-0.591,0.9,55.054,-11.963,86.487
-0.488,-0.601,0.974,55.42,-13,90.637
-0.468,-0.578,0.986,39.612,-21.606,108.765
-0.542,-0.469,1.016,22.644,-35.522,114.502
-0.578,-0.403,1.038,2.197,-50.964,114.197
-0.588,-0.336,1.048,-25.574,-60.913,101.013
-0.568,-0.175,1.036,-25.452,-52.979,91.919
-0.547,-0.092,1.021,-9.521,-29.358,71.167
-0.492,0.016,0.999,-1.282,-21.301,59.326
-0.461,0.019,1,9.46,-15.137,32.593
-0.386,-0.024,1.039,9.888,-15.991,21.79
-0.352,-0.027,1.056,1.953,-14.526,10.315
-0.279,0.002,1.025,-0.977,-8.85,7.751
-0.245,0.015,0.994,1.709,-2.014,3.174
-0.187,0.042,0.975,5.249,-4.089,-0.549
1.401,-0.456,0.575,131.226,53.04,70.374
1.313,-0.781,0.771,146.79,35.217,84.351
1.232,-0.964,0.924,159.241,10.864,139.343
0.953,-1.312,1.301,157.715,3.174,173.828
0.769,-1.41,1.501,143.982,1.892,233.276
0.258,-1.339,1.728,132.874,15.747,258.118
-0.041,-1.219,1.738,117.371,49.316,281.494
-0.512,-1.031,1.667,110.474,52.673,273.621
-0.652,-0.986,1.589,85.51,30.396,235.596
-0.757,-0.93,1.35,74.585,14.771,214.6
-0.787,-0.915,1.242,75.5,-17.578,184.326
-0.845,-0.858,1.122,83.252,-32.227,172.729
-0.827,-0.795,1.095,89.478,-55.725,151.917
-0.772,-0.661,1.095,83.557,-67.261,143.738
-0.76,-0.641,1.12,61.218,-73.73,136.475
-0.754,-0.6,1.142,48.767,-64.697,138.733
-0.767,-0.541,1.121,20.935,-50.659,138.855
-0.745,-0.404,1.103,6.836,-49.072,132.019
-0.688,-0.341,1.087,-4.211,-34.18,107.91
-0.531,-0.242,1.011,-2.441,-24.109,95.459
-0.479,-0.194,0.981,-4.089,-19.287,79.102
-0.455,-0.101,0.984,-5.859,-17.7,73.303
-0.436,-0.068,0.986,6.287,5.737,57.617
-0.35,-0.033,0.963,14.343,12.268,46.57
-0.302,-0.024,0.964,3.296,-10.193,25.879
-0.2,-0.001,0.971,-7.874,-20.325,20.935
-0.153,0.018,0.957,-4.944,-8.484,19.897
-0.088,0.051,0.949,7.324,1.77,19.653
-0.069,0.06,0.978,26.55,3.784,7.935
-0.006,0.038,1.063,27.1,-2.136,-1.465
0.412,0.108,0.906,14.099,36.865,15.381
0.583,0.08,0.824,6.47,49.988,8.301
0.686,0.081,0.791,-0.61,46.448,4.456
0.891,0.129,0.792,-7.996,45.593,3.357
0.977,0.159,0.822,-4.456,61.035,7.263
1.055,0.171,0.853,10.376,112.549,16.968
1.176,0.13,0.871,15.381,133.728,20.569
1.211,0.093,0.861,19.592,145.142,25.269
1.23,0.02,0.852,25.085,139.587,28.564
1.225,-0.032,0.852,54.382,132.019,36.499
1.216,-0.262,0.832,75.989,132.141,42.175
1.193,-0.423,0.827,127.014,112.305,55.664
1.106,-0.834,1.036,150.696,80.872,61.829
1.044,-1.046,1.282,159.363,9.216,104.37
0.753,-1.246,1.65,140.808,-2.38,144.897
0.541,-1.271,1.66,105.835,34.546,217.346
0.153,-1.317,1.466,100.708,59.265,236.023
-0.017,-1.323,1.365,99.976,69.275,243.958
-0.386,-1.278,1.371,99.243,32.532,244.568
-0.559,-1.248,1.437,98.328,6.775,238.037
-0.695,-1.215,1.464,89.233,-11.047,215.881
-0.858,-1.096,1.342,80.566,-10.132,205.627
-0.905,-0.987,1.248,63.171,-13.733,191.711
-0.935,-0.715,1.106,57.312,-19.043,185.12
-0.919,-0.599,1.062,45.471,-35.889,169.495
-0.889,-0.447,1.01,37.72,-44.25,162.354
-0.885,-0.376,0.993,26.062,-47.852,148.376
-0.885,-0.222,0.982,24.841,-43.274,139.221
-0.877,-0.16,0.998,25.818,-34.302,111.633
-0.798,-0.051,1.037,22.644,-34.424,94.666
-0.901,-0.741,1.117,92.041,62.5,81.726
-0.596,-0.937,1.029,85.51,49.255,78.308
-0.489,-0.982,1.041,62.378,21.423,107.605
-0.522,-0.823,1.089,45.776,10.498,129.15
-0.607,-0.684,1.092,9.277,-16.052,140.808
-0.714,-0.445,1.076,-7.141,-33.508,132.996
-0.72,-0.34,1.078,-25.818,-56.213,111.145
-0.685,-0.17,1.065,-25.208,-53.284,97.229
-0.631,-0.11,1.03,-23.987,-29.602,79.468
-0.527,-0.049,0.945,-22.339,-21.301,74.646
-0.494,-0.046,0.922,-7.446,-15.625,56.824
-0.429,-0.056,0.948,1.587,-16.052,47.18
-0.401,-0.048,0.981,10.254,-17.578,33.508
-0.307,-0.033,1.003,10.193,-15.137,28.198
-0.258,-0.035,0.988,7.996,-9.216,18.677
-0.153,-0.068,0.961,8.85,-7.935,13.916
-0.12,-0.078,0.98,9.949,-13.855,7.935
-0.085,-0.07,1.033,8.972,-17.395,5.493
-0.066,-0.065,1.052,7.507,-19.775,1.282
-0.027,-0.065,1.068,8.667,-18.25,-0.244
-0.012,-0.071,1.077,14.343,-10.742,-4.456
0.016,-0.096,1.106,15.564,-6.836,-6.958
0.019,-0.113,1.126,11.719,-2.136,-9.583
0.018,-0.135,1.15,7.874,-1.099,-10.681
0.025,-0.143,1.142,1.892,1.343,-14.343
0.052,-0.167,1.115,0.488,3.296,-15.747
0.065,-0.178,1.1,-1.892,8.606,-15.015
0.07,-0.18,1.079,-2.197,11.841,-13.55
0.063,-0.179,1.073,-0.183,19.287,-12.573
0.056,-0.187,1.057,0.61,21.423,-13.245
0.817,0.228,1.001,1.038,80.139,45.654
1.061,0.19,0.906,2.014,88.745,51.025
1.17,0.177,0.864,6.592,94.788,71.106
1.318,0.165,0.794,9.644,98.45,83.618
1.372,0.148,0.752,18.188,114.502,104.614
1.453,0.116,0.67,23.01,123.169,113.281
1.477,0.095,0.654,28.87,127.808,126.465
1.501,-0.05,0.662,33.569,124.146,132.874
1.507,-0.163,0.665,61.157,110.779,161.682
1.407,-0.343,0.735,78.613,97.168,181.763
1.283,-0.4,0.837,106.14,59.753,214.783
0.946,-0.473,1.073,113.159,47.18,220.154
0.779,-0.525,1.159,114.685,38.025,204.346
0.474,-0.66,1.317,113.342,30.823,191.895
0.325,-0.736,1.404,113.525,17.944,182.861
-0.022,-0.818,1.587,119.141,-2.441,180.359
-0.166,-0.832,1.636,118.103,2.808,175.598
-0.244,-0.855,1.623,103.088,41.687,158.752
-0.316,-0.88,1.457,90.515,63.293,157.959
-0.359,-0.863,1.338,62.561,77.881,160.034
-0.467,-0.767,1.151,54.321,67.2,155.762
-0.521,-0.706,1.113,50.11,34.79,133.789
-0.541,-0.63,1.036,51.331,24.536,118.225
-0.493,-0.627,0.97,58.96,15.259,92.163
-0.391,-0.648,0.898,62.622,5.676,86.243
-0.384,-0.626,0.919,57.739,-31.738,86.731
-0.459,-0.462,1.007,49.255,-50.781,88.074
-0.503,-0.357,1.038,31.86,-66.406,76.599
-0.471,-0.235,1.034,27.771,-61.34,64.331
-0.406,-0.241,1.023,31.616,-39.917,43.03
1.211,-0.049,0.729,39.49,88.867,114.807
1.265,-0.17,0.725,41.626,78.674,122.131
1.238,-0.244,0.785,59.204,44.861,147.522
1.089,-0.367,0.943,71.96,34.729,160.522
0.984,-0.415,1.012,89.233,25.269,172.363
0.781,-0.552,1.132,93.567,18.188,173.523
0.688,-0.618,1.189,99.548,2.38,175.72
0.519,-0.789,1.283,99.915,-2.93,176.88
0.445,-0.885,1.341,97.046,-8.728,189.819
0.245,-0.972,1.473,90.759,-6.714,196.777
0.135,-0.979,1.499,80.2,1.099,199.036
-0.082,-0.975,1.41,58.777,33.569,196.777
-0.179,-0.952,1.322,53.528,50.293,195.19
-0.354,-0.837,1.151,53.04,64.697,186.768
-0.416,-0.762,1.09,56.519,63.782,177.185
-0.478,-0.696,1.044,73.425,60.73,148.56
-0.537,-0.611,0.935,84.412,61.89,130.066
-0.487,-0.621,0.873,94.971,39.368,100.342
-0.38,-0.697,0.849,84.29,4.333,96.497
-0.391,-0.705,0.882,49.683,-56.458,98.389
-0.452,-0.668,0.931,50.232,-53.65,95.215
-0.474,-0.636,0.958,72.327,-27.222,89.478
-0.526,-0.536,1.051,66.772,-35.339,88.379
-0.555,-0.477,1.112,21.912,-75.5,83.496
-0.568,-0.371,1.187,3.784,-78.674,78.43
-0.55,-0.323,1.174,-0.061,-41.565,65.063
-0.488,-0.235,1.105,6.531,-21.118,57.19
-0.448,-0.199,1.078,12.085,-3.723,40.833
-0.353,-0.158,1.045,8.362,-5.066,32.41
-0.303,-0.151,1.039,-0.549,-11.169,17.212
1.392,-0.015,0.696,61.584,59.692,160.095
1.248,-0.121,0.91,64.026,53.284,162.292
1.149,-0.346,1.048,65.674,52.795,169.25
1.089,-0.464,1.043,82.092,70.374,193.665
0.834,-0.569,1.026,95.093,71.472,205.322
0.645,-0.592,1.067,105.164,60.242,208.374
0.233,-0.674,1.219,110.229,18.982,188.538
0.047,-0.734,1.285,106.567,3.357,170.776
-0.117,-0.789,1.321,99.915,-10.498,136.353
-0.388,-0.799,1.339,100.159,-11.78,124.634
-0.632,-0.761,1.396,99.792,-3.54,110.535
-0.725,-0.732,1.435,95.886,7.568,106.445
-0.801,-0.694,1.432,81.116,46.143,94.91
-0.797,-0.627,1.232,74.341,64.636,84.9
-0.717,-0.609,1.082,59.265,61.829,65.491
-0.553,-0.595,0.851,53.406,38.696,59.387
-0.514,-0.58,0.823,55.115,-18.188,55.481
-0.521,-0.517,0.922,58.35,-38.452,54.871
-0.515,-0.468,0.99,52.856,-50.659,54.382
-0.42,-0.359,1.026,43.274,-48.035,53.467
-0.36,-0.315,0.998,26.794,-44.617,40.405
-0.227,-0.29,0.93,21.24,-46.509,30.273
-0.174,-0.298,0.934,21.362,-52.368,19.104
-0.118,-0.328,1.002,27.954,-47.058,18.127
-0.102,-0.339,1.036,40.344,-21.545,19.653
-0.075,-0.337,1.047,38.696,-11.536,19.47
-0.064,-0.329,1.033,19.775,-12.207,18.005
-0.066,-0.309,1.021,9.583,-17.578,18.433
-0.092,-0.287,1.027,3.601,-21.301,20.691
-0.158,-0.231,1.061,7.019,-18.25,20.02
1.22,-0.403,0.604,80.383,44.8,167.236
1.127,-0.467,0.655,106.75,11.536,168.762
0.882,-0.624,0.849,117.737,-11.597,167.541
0.754,-0.733,0.971,126.526,-63.721,163.94
0.469,-0.908,1.237,124.207,-84.351,165.039
0.302,-0.943,1.342,111.633,-87.585,168.884
-0.021,-0.986,1.432,105.469,-71.533,171.02
-0.171,-1.007,1.437,100.098,-52.002,174.377
-0.316,-0.998,1.432,86.548,-25.391,178.711
-0.563,-0.882,1.376,76.965,-19.653,175.598
-0.635,-0.81,1.322,59.998,-9.644,160.828
-0.714,-0.695,1.195,55.847,-4.333,150.635
-0.742,-0.648,1.143,54.199,2.38,126.648
-0.741,-0.583,1.081,54.565,3.967,114.624
-0.691,-0.57,1.056,51.453,5.554,95.581
-0.576,-0.556,0.969,46.936,2.38,90.454
-0.548,-0.538,0.93,39.124,-16.235,88.44
-0.542,-0.463,0.924,38.086,-25.635,88.684
-0.55,-0.413,0.949,36.743,-33.386,82.031
-0.546,-0.334,1.02,32.104,-35.767,74.158
-0.527,-0.291,1.057,10.559,-43.518,55.42
-0.477,-0.235,1.09,-1.465,-43.335,47.302
-0.452,-0.218,1.081,-8.24,-37.354,40.771
-0.398,-0.177,1.031,-2.136,-12.085,30.64
-0.371,-0.161,1.012,4.7,0.183,26.001
-0.344,-0.154,1.002,11.047,12.695,16.968
-0.293,-0.141,0.996,9.521,13.184,11.78
-0.273,-0.13,0.997,2.502,7.08,0.427
-0.237,-0.118,1,-1.099,2.991,-4.822
-0.217,-0.12,0.996,-3.052,0.061,-11.047
-0.505,-0.772,1.12,98.267,18.005,157.227
-0.515,-0.748,1.105,97.412,12.878,150.085
-0.528,-0.71,1.096,87.402,3.113,142.212
-0.59,-0.62,1.061,78.979,-2.319,138.367
-0.622,-0.569,1.047,60.059,-22.217,128.967
-0.651,-0.474,1.067,52.795,-33.081,122.253
-0.638,-0.429,1.102,45.349,-40.649,104.858
-0.585,-0.326,1.137,42.053,-36.987,96.802
-0.566,-0.282,1.129,37.109,-32.349,88.745
-0.512,-0.24,1.108,23.865,-26.123,70.74
-0.465,-0.229,1.1,18.066,-21.606,62.683
-0.412,-0.215,1.087,11.108,-8.85,49.866
-0.333,-0.175,1.045,8.057,-4.944,44.983
-0.303,-0.155,1.029,0.427,-7.08,36.377
-0.238,-0.138,1.004,-2.808,-10.498,31.738
-0.213,-0.126,1.005,-0.549,-13.977,24.231
-0.174,-0.095,1.033,3.906,-11.292,21.179
-0.147,-0.081,1.043,8.362,-2.197,15.137
-0.072,-0.052,1.042,5.249,-0.549,11.902
-0.033,-0.046,1.035,0.244,-1.831,7.751
0.003,-0.056,1.033,-5.859,-7.629,-3.845
0.07,-0.097,1.058,-5.554,-9.949,-9.216
0.097,-0.114,1.074,-1.709,-7.996,-16.418
0.159,-0.162,1.097,0.977,-2.93,-18.616
0.195,-0.196,1.103,3.357,6.775,-20.508
0.244,-0.251,1.103,0.427,8.179,-19.531
0.245,-0.264,1.1,-8.85,8.484,-14.954
0.231,-0.258,1.086,-11.719,10.376,-13.733
0.235,-0.246,1.071,-14.771,16.724,-13.184
0.242,-0.229,1.028,-16.602,18.616,-12.634
-0.31,-0.938,1.566,124.695,7.935,183.044
-0.408,-0.926,1.563,123.047,56.274,169.006
-0.516,-0.894,1.477,118.958,68.054,163.208
-0.596,-0.81,1.41,103.21,56.396,154.419
-0.627,-0.747,1.361,93.628,51.27,151.672
-0.647,-0.653,1.168,79.712,60.486,144.226
-0.634,-0.616,1.054,75.989,62.073,136.597
-0.601,-0.59,0.954,70.19,31.067,114.929
-0.512,-0.562,0.907,67.627,0.366,104.309
-0.476,-0.536,0.974,63.599,-50.171,88.196
-0.424,-0.464,1.13,60.608,-55.176,85.266
-0.414,-0.419,1.159,53.955,-34.668,85.876
-0.401,-0.301,1.117,50.049,-23.743,82.092
-0.379,-0.241,1.091,38.025,-22.827,62.561
-0.299,-0.168,1.098,30.579,-28.564,50.293
-0.258,-0.163,1.113,19.104,-30.334,29.236
-0.148,-0.179,1.088,18.311,-21.729,20.874
-0.084,-0.194,1.055,19.958,-3.418,14.343
-0.002,-0.208,1.027,19.409,-1.648,15.076
0.014,-0.2,1.035,16.785,-4.15,17.517
0.038,-0.148,1.033,16.663,-3.54,18.005
0.056,-0.121,1.031,18.555,-2.869,15.625
0.104,-0.085,1.04,17.578,-4.944,12.573
0.123,-0.07,1.049,9.766,-12.634,3.174
0.133,-0.063,1.07,5.554,-15.259,-2.319
0.151,-0.076,1.075,7.263,-11.108,-10.925
0.186,-0.126,1.104,11.719,-8.667,-14.343
0.201,-0.15,1.127,10.376,-3.357,-16.602
0.243,-0.185,1.12,6.653,1.709,-16.418
0.252,-0.205,1.116,-1.343,3.174,-16.724
1.046,-0.371,0.792,43.762,35.889,131.165
0.935,-0.406,0.845,53.589,28.076,144.47
0.819,-0.423,0.887,66.772,20.264,172.607
0.565,-0.452,0.931,69.763,18.005,182.8
0.417,-0.469,0.97,81.909,6.47,192.993
0.087,-0.488,1.122,92.346,-2.808,192.2
-0.051,-0.505,1.199,111.633,-12.512,174.683
-0.212,-0.574,1.272,118.164,-9.033,166.077
-0.265,-0.642,1.323,122.253,5.005,173.828
-0.401,-0.752,1.504,115.051,14.709,187.744
-0.475,-0.756,1.546,83.008,51.147,200.684
-0.526,-0.702,1.397,64.27,71.96,196.899
-0.512,-0.67,1.267,37.476,80.383,180.969
-0.473,-0.627,1.084,33.997,69.275,171.204
-0.467,-0.616,1.04,45.105,50.11,151.245
-0.436,-0.608,0.976,54.382,46.814,141.296
-0.394,-0.605,0.944,67.017,34.729,123.901
-0.307,-0.57,0.927,64.758,20.813,119.507
-0.3,-0.527,0.941,46.57,-12.085,116.882
-0.335,-0.436,0.976,36.804,-24.17,114.136
-0.358,-0.395,0.995,23.743,-36.804,109.192
-0.393,-0.296,1.048,20.386,-38.086,104.431
-0.395,-0.252,1.072,22.461,-26.184,86.06
-0.364,-0.208,1.089,27.954,-13.672,74.402
-0.334,-0.203,1.081,34.424,8.606,52.49
-0.265,-0.205,1.042,29.907,10.681,44.067
-0.229,-0.198,1.017,21.606,6.653,36.743
-0.154,-0.18,0.964,10.132,-1.892,24.109
-0.127,-0.171,0.943,10.986,-0.732,20.142
-0.089,-0.143,0.931,18.982,5.493,14.954
1.643,-0.441,0.477,58.716,77.82,88.501
1.655,-0.596,0.462,84.717,61.035,97.107
1.553,-0.9,0.431,100.83,52.551,104.187
1.441,-1.039,0.456,132.751,19.958,129.883
1.072,-1.283,0.696,145.569,-5.371,153.931
0.816,-1.364,0.891,153.625,-53.894,217.529
0.216,-1.403,1.247,147.766,-63.11,245.178
-0.079,-1.383,1.376,133.789,-49.866,265.015
-0.534,-1.256,1.58,130.676,-40.894,257.263
-0.69,-1.148,1.65,119.69,-28.32,228.699
-0.88,-0.929,1.639,108.276,-15.808,213.867
-0.913,-0.854,1.546,90.088,25.879,180.176
-0.898,-0.738,1.296,88.989,43.884,164.551
-0.876,-0.675,1.185,89.478,48.157,136.292
-0.797,-0.619,0.999,84.595,32.898,119.934
-0.744,-0.632,0.952,69.092,-16.663,91.98
-0.672,-0.629,0.997,61.34,-37.17,85.327
-0.659,-0.59,1.034,44.189,-52.368,85.022
-0.662,-0.46,1.065,34.851,-52.063,86.975
-0.66,-0.388,1.069,20.63,-46.021,81.055
-0.629,-0.26,1.075,16.968,-41.199,74.036
-0.603,-0.201,1.08,15.076,-29.297,53.406
-0.496,-0.149,1.066,13.794,-22.278,42.175
-0.433,-0.151,1.054,3.662,-18.677,24.414
-0.327,-0.163,1.041,-2.93,-19.714,17.212
-0.26,-0.181,1.012,-4.028,-10.986,3.174
-0.159,-0.205,0.979,0.183,-7.812,1.16
-0.145,-0.195,0.998,7.202,-4.944,2.319
-0.103,-0.148,1.026,7.507,-0.854,0.732
-0.063,-0.131,1.016,5.554,3.174,-1.953
1.071,-0.638,0.777,115.234,36.987,84.473
0.965,-0.746,0.946,133.789,20.447,127.808
0.732,-0.889,1.336,134.46,14.099,154.419
0.583,-0.921,1.453,124.573,14.282,178.528
0.216,-0.888,1.51,91.614,31.128,206.543
0.008,-0.81,1.544,83.374,37.903,213.196
-0.178,-0.722,1.588,81.055,40.955,207.52
-0.36,-0.655,1.592,80.322,44.678,195.618
-0.373,-0.656,1.549,77.332,55.298,176.88
-0.427,-0.632,1.445,74.158,55.542,174.744
-0.48,-0.606,1.401,63.843,48.767,171.204
-0.532,-0.558,1.271,57.922,45.898,165.649
-0.525,-0.535,1.175,49.011,35.583,150.269
-0.462,-0.513,1.02,48.096,25.024,140.991
-0.416,-0.512,0.993,54.138,2.869,125.244
-0.351,-0.485,1.003,57.861,-4.333,119.812
-0.335,-0.448,1.016,52.063,-20.752,111.511
-0.31,-0.36,1.034,42.664,-30.701,106.201
-0.293,-0.329,1.03,27.893,-38.025,93.811
-0.293,-0.296,1.021,26.611,-34.729,87.83
-0.282,-0.29,1.013,26.184,-31.494,82.153
-0.262,-0.268,1.009,18.921,-35.461,71.777
-0.266,-0.245,1.012,13.977,-37.292,66.223
-0.28,-0.176,1.012,11.902,-28.015,54.749
-0.261,-0.141,1.004,14.282,-19.348,48.889
-0.231,-0.113,0.995,13.916,-11.353,40.1
-0.181,-0.069,0.981,9.216,-14.221,37.109
-0.161,-0.048,0.978,3.235,-20.325,30.823
-0.139,0.006,0.998,6.104,-17.761,27.588
-0.132,0.032,1.012,15.625,-6.409,19.287
1.282,-0.526,0.589,109.558,25.085,154.602
0.952,-0.627,0.907,126.587,10.559,165.222
0.759,-0.668,1.075,143.433,11.292,190.552
0.416,-0.74,1.239,142.456,30.151,202.393
0.328,-0.804,1.266,137.39,57.922,209.717
0.199,-0.906,1.443,133.545,50.659,210.449
0.097,-0.923,1.573,116.272,30.518,208.801
-0.07,-0.933,1.715,105.408,35.461,201.965
-0.099,-0.942,1.662,81.665,59.998,186.34
-0.131,-0.967,1.412,72.144,63.232,180.481
-0.179,-0.945,1.298,61.829,42.236,171.02
-0.283,-0.794,1.167,58.044,24.78,164.856
-0.307,-0.691,1.125,51.27,-7.263,148.56
-0.322,-0.57,1.04,49.866,-17.639,139.893
-0.345,-0.536,0.993,55.786,-29.48,124.817
-0.357,-0.446,0.924,61.768,-36.255,117.676
-0.393,-0.398,0.923,66.467,-47.607,109.131
-0.462,-0.321,0.96,59.143,-80.627,85.327
-0.452,-0.32,0.979,49.255,-89.355,72.876
-0.389,-0.315,1.019,40.71,-69.763,58.472
-0.374,-0.281,1.029,40.894,-39.063,52.795
-0.371,-0.21,1.023,37.17,-33.813,47.485
-0.361,-0.188,1.014,24.109,-38.147,33.203
-0.307,-0.142,1.012,19.592,-38.391,26.062
-0.261,-0.121,1.013,20.325,-23.743,13
-0.161,-0.111,1.012,22.156,-14.038,9.094
-0.126,-0.105,1.008,16.052,-7.324,7.507
-0.072,-0.061,0.996,10.437,-10.803,7.324
-0.049,-0.033,1.005,8.118,-14.526,7.019
-0.033,0.017,1.074,16.479,-10.986,7.141
0.477,-0.887,1.241,145.508,2.258,132.507
0.229,-0.977,1.411,151.917,-27.588,151.917
-0.218,-1.02,1.835,146.179,-30.823,160.522
-0.368,-0.978,1.962,104.614,13.55,171.265
-0.589,-0.815,1.798,77.209,53.284,176.025
-0.686,-0.721,1.602,49.744,106.812,173.767
-0.823,-0.592,1.26,52.368,109.131,163.147
-0.831,-0.567,1.137,67.932,85.449,133.179
-0.733,-0.56,0.934,73.486,68.42,120.789
-0.666,-0.581,0.855,77.209,29.236,105.469
-0.546,-0.652,0.851,77.942,9.827,104.431
-0.533,-0.657,0.928,75.439,-16.663,121.948
-0.632,-0.549,1.108,71.35,-22.583,129.883
-0.648,-0.453,1.156,54.443,-28.198,122.62
-0.585,-0.299,1.147,41.321,-31.25,109.436
-0.54,-0.253,1.115,11.169,-42.969,79.895
-0.43,-0.231,1.08,0.061,-46.082,69.092
-0.376,-0.237,1.065,-2.075,-26.917,57.373
-0.295,-0.211,1.001,4.456,-11.536,54.077
-0.262,-0.186,0.972,15.137,2.014,42.358
-0.204,-0.151,0.976,15.381,0.183,34.729
-0.171,-0.151,0.99,8.789,-2.563,23.621
-0.111,-0.173,1.01,5.737,-1.282,22.095
-0.097,-0.17,1.011,2.258,2.197,23.254
-0.081,-0.106,0.991,1.038,2.808,21.179
-0.057,-0.071,0.974,0.061,2.258,16.479
-0.02,-0.037,0.98,0.671,-3.052,6.775
-0.01,-0.038,1.009,1.404,-6.714,3.235
-0.005,-0.062,1.059,2.197,-7.385,-2.563
-0.009,-0.069,1.073,0.671,-6.714,-4.7
-0.747,-0.55,1.159,45.288,-9.705,120.911
-0.708,-0.489,1.132,23.926,-25.391,120.666
-0.583,-0.407,1.04,20.508,-20.508,117.493
-0.5,-0.419,0.979,33.691,6.958,110.474
-0.392,-0.455,0.926,39.978,10.498,109.558
-0.409,-0.43,0.946,38.269,2.808,109.497
-0.437,-0.36,0.961,15.747,-19.592,104.98
-0.445,-0.172,0.916,7.324,-21.667,98.755
-0.447,-0.107,0.882,7.446,-14.587,80.383
-0.395,-0.057,0.869,12.085,-11.475,70.374
-0.354,-0.04,0.889,24.414,-5.371,54.81
-0.308,0.008,0.946,29.419,-4.395,48.645
-0.301,0.029,0.979,31.006,-12.512,33.997
-0.289,0.055,1.055,28.809,-16.907,26.367
-0.253,0.046,1.072,26.306,-9.155,13.245
-0.148,-0.003,1.058,26.428,-1.221,10.559
-0.108,-0.018,1.044,26.55,3.662,10.01
-0.077,-0.031,1.06,24.048,-0.427,9.949
-0.076,-0.035,1.073,20.813,-4.333,8.972
-0.061,-0.036,1.076,13.977,-6.775,2.319
-0.036,-0.047,1.073,12.39,-5.798,-3.479
0.043,-0.092,1.075,12.207,-4.15,-13.916
0.071,-0.116,1.083,10.193,-6.714,-16.602
0.109,-0.142,1.078,0.977,-13.123,-18.25
0.127,-0.149,1.064,-2.686,-13,-18.005
0.134,-0.145,1.045,-4.7,-7.08,-15.93
0.133,-0.138,1.042,-3.235,-2.38,-15.198
0.148,-0.134,1.028,-1.038,5.798,-15.686
0.159,-0.139,1.015,-2.686,6.897,-16.174
0.179,-0.165,0.99,-7.202,5.005,-16.968
1.444,-0.504,0.816,105.041,91.003,186.829
1.266,-0.55,0.89,118.347,53.772,226.807
0.828,-0.668,1.075,120.361,30.396,229.492
0.643,-0.742,1.186,127.136,-8.179,208.801
0.378,-0.921,1.42,129.944,-21.667,192.566
0.247,-0.995,1.53,121.338,-42.786,176.453
-0.091,-1.022,1.712,110.718,-43.884,179.993
-0.256,-0.985,1.74,89.416,-3.906,188.782
-0.49,-0.83,1.598,82.092,30.457,188.11
-0.544,-0.75,1.451,75.623,84.778,171.692
-0.539,-0.664,1.131,74.646,90.393,157.532
-0.524,-0.629,1.016,68.97,53.528,126.648
-0.531,-0.542,0.898,66.467,27.71,111.206
-0.525,-0.519,0.859,72.083,-1.16,82.031
-0.46,-0.518,0.828,78.125,-8.057,70.74
-0.424,-0.513,0.859,75.195,-27.832,62.256
-0.411,-0.455,0.937,64.209,-39.612,64.758
-0.439,-0.401,0.972,41.931,-50.903,64.026
-0.482,-0.283,1.019,37.17,-46.082,55.481
-0.473,-0.248,1.02,40.039,-28.198,35.217
-0.437,-0.224,1.045,43.518,-23.071,28.259
-0.413,-0.214,1.079,41.626,-19.836,15.259
-0.331,-0.198,1.108,35.4,-16.296,7.324
-0.266,-0.203,1.099,17.822,-11.414,-2.38
-0.192,-0.2,1.077,12.756,-7.996,-3.845
-0.161,-0.199,1.058,13.916,5.005,-5.92
-0.102,-0.177,1.033,14.16,6.47,-7.507
-0.076,-0.161,1.039,6.165,-1.526,-12.756
-0.04,-0.141,1.053,1.16,-3.54,-15.747
-0.021,-0.144,1.052,-2.808,1.953,-19.043
0.022,-0.731,1.492,92.163,0.671,221.497
-0.198,-0.705,1.586,88.867,40.527,234.619
-0.558,-0.58,1.753,92.346,52.307,229.248
-0.615,-0.505,1.729,85.266,73.975,197.632
-0.598,-0.441,1.453,78.186,82.214,183.35
-0.607,-0.428,1.32,77.026,76.782,164.368
-0.628,-0.452,1.182,78.003,65.369,155.151
-0.625,-0.488,1.145,73.914,36.194,142.273
-0.662,-0.546,1.096,70.435,19.775,139.099
-0.699,-0.544,1.118,69.58,-9.521,129.15
-0.692,-0.437,1.179,71.045,-15.991,120.911
-0.648,-0.369,1.171,70.129,-16.846,112.854
-0.55,-0.284,1.1,54.565,-12.39,102.478
-0.519,-0.268,1.049,39.917,-12.451,99.487
-0.498,-0.253,1.009,14.587,-21.79,90.393
-0.46,-0.225,0.978,12.878,-23.132,83.923
-0.445,-0.213,0.987,28.687,-8.667,67.871
-0.393,-0.205,0.994,36.804,1.282,59.998
-0.362,-0.203,0.994,38.818,6.714,49.5
-0.309,-0.161,0.993,33.142,3.662,46.448
-0.292,-0.119,0.983,20.264,-3.54,41.321
-0.266,-0.032,0.973,15.503,-6.714,37.598
-0.242,-0.007,0.976,11.78,-11.292,28.503
-0.206,0.004,1.001,13.611,-11.047,24.719
-0.184,0.009,1.022,19.287,-7.751,16.113
-0.126,0.02,1.039,20.752,-5.127,10.376
-0.098,0.006,1.029,23.01,-1.526,-0.977
-0.077,-0.065,1.061,25.757,-2.869,-4.7
-0.078,-0.116,1.116,30.151,-2.869,-6.714
-0.067,-0.205,1.183,29.175,0.977,-5.31
-0.408,-0.57,1.6,59.265,88.196,174.133
-0.477,-0.511,1.298,63.354,98.206,158.325
-0.471,-0.524,1.195,84.351,79.651,135.62
-0.47,-0.592,1.056,92.651,62.561,130.554
-0.461,-0.615,1.024,89.05,14.404,130.493
-0.444,-0.614,1.022,79.285,-6.958,132.996
-0.451,-0.589,1.025,60.059,-28.931,139.404
-0.479,-0.465,1.012,53.772,-34.79,141.785
-0.502,-0.382,1.006,45.715,-45.105,136.108
-0.488,-0.247,0.979,44.495,-45.288,125.183
-0.458,-0.213,0.95,46.57,-40.894,99.365
-0.374,-0.189,0.96,45.471,-43.335,92.59
-0.371,-0.176,1.014,39.795,-51.392,84.167
-0.356,-0.146,1.093,40.039,-47.668,76.599
-0.328,-0.129,1.099,43.274,-39.185,67.261
-0.256,-0.115,1.093,49.561,-24.963,47.791
-0.224,-0.124,1.101,47.852,-23.01,40.894
-0.203,-0.13,1.123,33.02,-22.583,39.368
-0.212,-0.086,1.156,23.682,-19.226,40.527
-0.172,-0.032,1.101,15.747,-5.615,31.921
-0.144,-0.021,1.073,17.09,-0.488,25.574
-0.115,-0.014,1.055,18.921,1.16,16.113
-0.076,-0.016,1.062,18.25,-1.526,12.817
-0.078,-0.024,1.085,16.846,-4.944,10.071
-0.107,-0.039,1.128,16.418,-3.113,8.789
-0.116,-0.042,1.134,15.137,2.93,-1.465
-0.091,-0.082,1.14,13.916,4.822,-9.583
-0.069,-0.115,1.141,9.644,5.615,-21.606
-0.048,-0.153,1.139,6.287,4.639,-24.78
-0.041,-0.159,1.138,-3.723,2.686,-27.954
1.541,-0.479,0.574,74.463,87.646,89.172
1.409,-0.63,0.625,117.126,34.302,112.854
1,-0.857,0.963,142.578,8.057,136.414
0.725,-0.915,1.19,158.02,-15.32,171.204
0.22,-0.979,1.477,149.109,-18.921,170.41
0.053,-1.009,1.54,127.014,-23.254,157.898
-0.234,-1.068,1.63,116.089,-16.663,161.987
-0.414,-1.03,1.634,97.656,20.752,182.434
-0.741,-0.865,1.502,92.773,40.161,181.58
-0.821,-0.819,1.387,86.609,51.453,151.917
-0.823,-0.816,1.17,82.214,40.344,134.705
-0.796,-0.824,1.1,76.904,7.69,115.784
-0.714,-0.839,1.022,77.087,-4.333,113.22
-0.638,-0.839,1.013,75.684,-12.878,114.136
-0.589,-0.696,1.06,60.73,-24.963,133.179
-0.668,-0.549,1.097,49.377,-28.076,144.714
-0.818,-0.28,1.102,27.222,-29.114,139.404
-0.821,-0.199,1.087,19.47,-29.785,124.39
-0.707,-0.114,1.062,17.456,-23.499,91.614
-0.64,-0.097,1.049,22.888,-14.038,77.148
-0.572,-0.097,1.032,33.63,1.587,49.622
-0.43,-0.128,1.01,33.508,-0.061,38.452
-0.363,-0.144,1.016,28.137,-15.503,25.269
-0.284,-0.163,1.076,28.442,-20.264,22.217
-0.285,-0.158,1.122,30.579,-15.991,16.785
-0.254,-0.13,1.187,27.344,-9.094,13.428
-0.23,-0.107,1.198,9.583,1.709,11.658
-0.202,-0.073,1.161,-0.244,4.028,9.216
-0.18,-0.071,1.127,-10.254,6.653,-0.977
-0.123,-0.082,1.064,-10.681,6.958,-6.104
-0.698,-0.248,1.014,50.049,-34.668,108.398
-0.643,-0.194,0.976,40.405,-30.64,91.736
-0.596,-0.095,0.967,36.926,-33.508,86.121
-0.599,-0.052,0.998,33.997,-34.851,69.702
-0.535,-0.011,1.057,34.668,-28.442,57.739
-0.454,-0.011,1.067,35.828,-12.207,36.499
-0.273,-0.018,1.075,33.752,-7.996,30.457
-0.207,-0.023,1.077,23.926,-8.606,25.574
-0.159,-0.036,1.105,18.799,-10.437,24.841
-0.162,-0.027,1.116,11.292,-7.446,19.836
-0.138,0.02,1.094,7.385,-4.456,15.442
-0.096,0.038,1.072,0.244,-1.099,5.432
0.003,0.03,1.03,-1.282,-0.122,0.732
0.029,0.008,1.019,-0.061,0.122,-6.775
0.05,-0.044,1.01,0.854,-0.061,-10.01
0.072,-0.064,1.004,0.427,0.244,-13.55
0.105,-0.086,0.987,-0.366,0.427,-13
0.101,-0.095,0.985,1.465,2.014,-11.963
0.101,-0.101,0.988,3.845,4.028,-14.038
0.126,-0.104,0.982,5.005,5.676,-17.273
0.158,-0.102,0.973,2.014,6.348,-19.226
0.159,-0.091,0.97,-0.244,6.897,-18.188
0.151,-0.079,0.967,-3.174,7.324,-17.151
0.147,-0.07,0.966,-3.54,6.226,-18.311
0.173,-0.079,0.964,-1.099,5.493,-22.217
0.186,-0.088,0.964,1.953,7.751,-24.109
0.203,-0.1,0.968,10.62,13,-26.733
0.21,-0.126,1.016,10.742,11.597,-26.794
0.206,-0.141,1.036,3.296,8.301,-26.001
0.201,-0.17,1.058,1.648,9.888,-25.33
1.509,0.156,0.569,7.812,37.537,47.913
1.588,0.158,0.542,14.343,68.665,59.021
1.731,0.038,0.38,20.935,99.121,64.27
1.801,-0.035,0.278,43.701,120.056,90.271
1.839,-0.165,0.232,55.908,104.98,105.835
1.827,-0.213,0.282,80.261,60.791,130.798
1.719,-0.308,0.456,93.933,46.387,138.855
1.636,-0.417,0.54,114.319,21.423,137.878
1.374,-0.704,0.722,120.972,-2.197,135.376
1.145,-0.824,0.899,130.615,-31.616,134.033
0.864,-0.94,1.151,160.217,-81.238,131.287
0.348,-1.19,1.714,166.138,-90.942,130.005
0.16,-1.286,1.909,121.033,-65.979,148.01
-0.215,-1.254,1.935,76.416,-35.767,168.823
-0.428,-1.121,1.756,18.982,34.851,200.5
-0.68,-0.898,1.291,24.292,57.8,198.303
-0.732,-0.874,1.14,63.354,52.795,170.593
-0.831,-0.867,1.016,73.303,31.555,153.992
-0.864,-0.875,0.983,74.463,-18.005,124.512
-0.843,-0.881,1.002,76.172,-37.964,114.319
-0.776,-0.846,1.05,68.604,-60.242,107.727
-0.678,-0.683,1.113,53.955,-63.171,113.22
-0.7,-0.568,1.095,25.208,-60.608,123.962
-0.806,-0.334,1.05,18.555,-55.603,121.643
-0.852,-0.232,1.038,15.869,-37.17,104.431
-0.847,-0.09,1.023,18.066,-27.954,89.722
-0.796,-0.064,1.017,26.855,-15.808,53.955
-0.637,-0.072,0.993,31.311,-11.536,38.269
-0.552,-0.095,0.986,37.903,-6.836,15.808
-0.407,-0.152,1.002,38.391,-6.409,10.376
1.278,0.035,0.787,-5.981,57.373,24.17
1.337,-0.017,0.724,8.118,91.675,36.255
1.426,-0.151,0.637,16.846,90.698,47.913
1.435,-0.208,0.653,39.734,68.97,77.454
1.341,-0.353,0.764,53.955,61.951,89.355
1.254,-0.46,0.832,84.045,54.504,110.107
1.027,-0.676,1.02,95.154,47.729,125.366
0.885,-0.775,1.131,100.281,31.494,165.955
0.596,-0.993,1.279,97.656,25.146,181.702
0.465,-1.086,1.352,93.506,3.418,198.914
0.109,-1.057,1.598,91.431,-7.263,207.52
-0.111,-0.957,1.681,88.074,-7.141,215.637
-0.442,-0.803,1.594,80.505,26.917,215.21
-0.521,-0.794,1.461,77.026,46.631,206.848
-0.584,-0.804,1.328,72.815,61.707,188.782
-0.639,-0.803,1.123,74.524,57.251,180.115
-0.657,-0.796,1.053,76.172,27.588,159.119
-0.671,-0.769,0.941,71.472,6.226,148.499
-0.663,-0.725,0.912,57.068,-29.785,137.207
-0.629,-0.59,0.895,50.72,-39.551,134.521
-0.617,-0.535,0.893,49.683,-42.542,129.944
-0.653,-0.446,0.923,54.26,-44.25,130.066
-0.675,-0.396,0.982,53.406,-62.866,118.53
-0.646,-0.333,1.077,44.067,-68.542,105.896
-0.626,-0.312,1.084,29.297,-59.509,83.618
-0.616,-0.27,1.073,28.442,-50.781,73.547
-0.596,-0.253,1.079,24.841,-40.283,51.88
-0.497,-0.238,1.089,18.738,-38.269,43.152
-0.442,-0.234,1.08,6.897,-28.442,34.668
-0.375,-0.226,1.03,5.127,-19.531,33.142
0.262,-0.687,1.333,134.644,-10.559,173.462
-0.069,-0.788,1.628,125.427,-10.925,177.979
-0.183,-0.789,1.684,99.426,9.949,184.57
-0.404,-0.679,1.606,87.708,26.611,187.683
-0.506,-0.601,1.51,80.688,57.617,184.692
-0.617,-0.529,1.28,87.28,67.993,174.194
-0.627,-0.555,1.174,106.323,63.904,140.991
-0.594,-0.622,1.029,109.314,44.861,127.197
-0.575,-0.645,1.002,105.103,17.761,118.469
-0.542,-0.679,1.026,78.857,-32.288,115.845
-0.552,-0.672,1.029,63.11,-42.847,121.704
-0.61,-0.586,0.984,53.101,-34.058,130.981
-0.62,-0.512,0.973,59.204,-26.733,127.38
-0.618,-0.422,0.991,57.19,-39.49,113.342
-0.639,-0.263,1.071,45.349,-52.856,103.027
-0.642,-0.228,1.104,20.874,-59.998,78.43
-0.578,-0.178,1.1,13.55,-51.27,66.345
-0.526,-0.16,1.058,8.484,-27.954,48.34
-0.446,-0.152,0.969,11.841,-18.799,42.297
-0.415,-0.157,0.949,28.381,-4.333,32.349
-0.348,-0.159,0.97,34.424,-1.404,27.893
-0.314,-0.168,1.004,28.687,-5.676,20.02
-0.269,-0.186,1.073,18.494,-8.545,17.334
-0.263,-0.179,1.091,-5.066,-7.812,15.93
-0.251,-0.135,1.059,-12.146,-3.54,15.015
-0.241,-0.129,1.032,-8.423,5.859,9.277
-0.213,-0.145,1.035,-1.282,7.629,6.042
-0.203,-0.155,1.055,9.521,8.179,-1.282
-0.185,-0.164,1.088,10.254,9.338,-4.883
-0.173,-0.169,1.086,1.77,7.507,-10.315
1.132,-0.445,0.706,111.877,67.932,133.057
1.013,-0.49,0.769,124.512,15.259,124.451
0.685,-0.633,0.969,133.85,-10.742,119.995
0.509,-0.722,1.126,161.743,-44.373,111.023
0.266,-0.931,1.436,169.495,-49.5,106.201
0.188,-1.007,1.544,149.841,-43.335,115.234
-0.04,-0.976,1.662,124.573,-36.499,131.714
-0.193,-0.89,1.666,74.768,-13.489,161.133
-0.431,-0.71,1.538,61.218,1.648,162.842
-0.495,-0.662,1.432,54.443,16.663,145.691
-0.543,-0.609,1.245,54.016,12.207,133.789
-0.54,-0.581,1.169,50.232,-6.226,114.197
-0.504,-0.536,1.009,48.523,-14.038,108.093
-0.479,-0.522,0.929,48.584,-21.301,103.394
-0.45,-0.462,0.842,56.885,-38.391,97.839
-0.455,-0.423,0.848,63.171,-50.72,96.985
-0.522,-0.311,0.959,60.608,-83.74,98.267
-0.55,-0.246,1.014,52.246,-89.05,97.046
-0.541,-0.198,1.036,44.006,-59.937,85.022
-0.474,-0.152,1.001,42.786,-43.579,77.698
-0.446,-0.151,0.981,29.785,-43.03,62.683
-0.407,-0.165,1.001,20.874,-51.697,56.213
-0.39,-0.17,1.026,20.996,-46.936,44.556
-0.358,-0.163,1.055,29.175,-33.813,36.987
-0.342,-0.158,1.057,37.842,-14.038,22.4
-0.299,-0.178,1.055,36.743,-11.414,16.968
-0.258,-0.203,1.064,29.114,-15.076,11.536
-0.183,-0.219,1.116,21.851,-16.785,13.855
-0.186,-0.192,1.132,2.136,-13.123,22.339
-0.249,-0.124,1.123,-5.31,-10.803,21.423
1.221,0.002,0.778,56.763,50.415,83.13
1.175,-0.057,0.904,70.007,58.228,78.735
1.165,-0.158,0.947,91.064,69.519,65.979
1.229,-0.503,1.039,97.839,69.153,68.359
1.235,-0.675,1.064,104.98,64.941,100.891
1.104,-0.951,1.109,107.727,61.951,125.549
0.969,-1.069,1.168,112.122,44.739,177.979
0.547,-1.198,1.386,115.112,30.579,202.759
0.27,-1.197,1.505,117.432,18.616,223.755
-0.231,-1.124,1.579,111.572,11.353,242.615
-0.414,-1.07,1.534,102.112,10.376,241.882
-0.67,-0.964,1.407,85.51,5.127,231.75
-0.759,-0.923,1.345,84.9,6.287,225.098
-0.816,-0.888,1.273,93.079,13.855,208.13
-0.843,-0.807,1.095,94.971,13,197.083
-0.809,-0.758,1.011,91.98,-3.174,174.988
-0.732,-0.64,0.915,88.379,-15.747,165.833
-0.707,-0.583,0.9,75.562,-38.635,149.17
-0.695,-0.478,0.923,65.43,-47.607,143.25
-0.725,-0.412,0.949,38.513,-65.857,135.498
-0.786,-0.27,0.974,24.841,-71.35,127.563
-0.771,-0.226,0.962,16.235,-55.969,100.464
-0.667,-0.224,0.922,24.17,-40.649,86.06
-0.614,-0.232,0.938,49.194,-21.912,61.096
-0.542,-0.198,1.028,54.81,-18.799,50.049
-0.481,-0.172,1.045,43.03,-18.127,29.48
-0.355,-0.153,1.028,32.959,-19.653,23.254
-0.344,-0.157,1.027,18.616,-20.874,20.081
-0.358,-0.151,1.043,14.648,-16.357,20.691
-0.354,-0.139,1.05,17.395,-0.366,17.273
